{
    "Gold": 0,
    "GigDamLvl": 0,
    "GigRangeLvl": 0,
    "HpLvl": 0,
    "playerpos": {
        "x": 2.6500000953674318,
        "y": 1.909999966621399,
        "z": 0.0
    },
    "item": {
        "instanceID": 0
    }
}